{"assists": 1, "baronKills": 1, "bountyLevel": 1, "champExperience": 1, "champLevel": 1, "damageDealtToBuildings": 1, "damageDealtToObjectives": 1, "damageDealtToTurrets": 1, "damageSelfMitigated": 1, "deaths": -1, "detectorWardsPlaced": 1, "doubleKills": 1, "dragonKills": 1, "eligibleForProgression": 1, "firstBloodAssist": 1, "firstBloodKill": 1, "firstTowerAssist": 1, "firstTowerKill": 1, "goldEarned": 1, "goldSpent": 1, "inhibitorKills": 1, "inhibitorTakedowns": 1, "inhibitorsLost": -1, "itemsPurchased": 1, "killingSprees": 1, "kills": 1, "largestCriticalStrike": 1, "largestKillingSpree": 1, "largestMultiKill": 1, "longestTimeSpentLiving": 1, "magicDamageDealt": 1, "magicDamageDealtToChampions": 1, "magicDamageTaken": 1, "neutralMinionsKilled": 1, "nexusKills": 1, "nexusLost": -1, "nexusTakedowns": 1, "objectivesStolen": 1, "objectivesStolenAssists": 1, "pentaKills": 1, "physicalDamageDealt": 1, "physicalDamageDealtToChampions": 1, "physicalDamageTaken": 1, "quadraKills": 1, "sightWardsBoughtInGame": 1, "timeCCingOthers": 1, "timePlayed": 1, "totalDamageDealt": 1, "totalDamageDealtToChampions": 1, "totalDamageShieldedOnTeammates": 1, "totalDamageTaken": 1, "totalHeal": 1, "totalHealsOnTeammates": 1, "totalMinionsKilled": 1, "totalTimeCCDealt": 1, "totalTimeSpentDead": -1, "totalUnitsHealed": 1, "tripleKills": 1, "trueDamageDealt": 1, "trueDamageDealtToChampions": 1, "trueDamageTaken": 1, "turretKills": 1, "turretTakedowns": 1, "turretsLost": -1, "unrealKills": 1, "visionScore": 1, "visionWardsBoughtInGame": 1, "wardsKilled": 1, "wardsPlaced": 1, "win": 1}